frame_idx,iso_time,timestamp,t_rel,event_id,selected_event_id,cx,cy,x,y,w,h,area,angle,group
211210,2026-05-04T17:04:25.456849,1777928665.4568486,14414.334821939468,72191,4953,176,311,174,309,5,5,9.0,228.81407483429035,koto
211211,2026-05-04T17:04:25.536896,1777928665.5368965,14414.414869785309,72192,4954,176,312,173,309,7,7,21.0,228.50353164478443,koto
211212,2026-05-04T17:04:25.600049,1777928665.6000488,14414.478022098541,72193,4955,175,311,170,306,10,10,34.0,229.08561677997488,koto
211213,2026-05-04T17:04:25.664544,1777928665.664544,14414.54251742363,72194,4956,176,311,172,308,8,7,24.5,228.81407483429035,koto
211214,2026-05-04T17:04:25.728356,1777928665.728356,14414.606329202652,72195,4957,175,312,171,308,9,9,33.5,228.7754658242898,koto
211216,2026-05-04T17:04:25.873546,1777928665.873546,14414.751519203186,72197,4958,175,311,170,308,10,7,27.5,229.08561677997488,koto
211257,2026-05-04T17:04:28.655980,1777928668.6559799,14417.53395318985,72239,4959,173,323,171,320,5,6,9.5,226.0912162252626,koto
211258,2026-05-04T17:04:28.736379,1777928668.7363787,14417.614351987839,72241,4960,173,323,171,320,5,6,9.5,226.0912162252626,koto
211260,2026-05-04T17:04:28.865294,1777928668.8652937,14417.743267059326,72244,4961,176,313,172,308,9,10,40.0,228.1959380135959,koto
211265,2026-05-04T17:04:29.216596,1777928669.2165956,14418.09456896782,72251,4962,169,309,163,304,12,10,27.5,231.27729848959757,koto
211270,2026-05-04T17:04:29.552153,1777928669.5521526,14418.430125951767,72252,4963,165,312,163,309,5,6,8.0,231.3401917459099,koto
211589,2026-05-04T17:04:51.280695,1777928691.280695,14440.158668279648,72253,4964,197,54,195,52,5,4,8.5,333.434948822922,koto
211594,2026-05-04T17:04:51.632139,1777928691.6321394,14440.510112762451,72254,4965,164,51,161,49,6,5,10.5,325.5346647776546,koto
211681,2026-05-04T17:04:57.968086,1777928697.968086,14446.846059322357,74649,4966,331,73,329,71,4,5,10.0,19.133643205905457,biwa
212046,2026-05-04T17:05:22.833110,1777928722.83311,14471.71108341217,74650,4967,304,377,301,375,7,4,9.0,171.3086924641152,taiko
212050,2026-05-04T17:05:23.104688,1777928723.1046877,14471.982661008835,74651,4968,304,377,302,375,5,4,8.5,171.3086924641152,taiko
212057,2026-05-04T17:05:23.583809,1777928723.5838094,14472.461782693863,74652,4969,304,376,301,374,6,5,15.5,171.25383773744477,taiko
212061,2026-05-04T17:05:23.857273,1777928723.8572726,14472.73524594307,74653,4970,304,376,301,374,6,5,12.5,171.25383773744477,taiko
212062,2026-05-04T17:05:23.936821,1777928723.936821,14472.814794301987,74654,4971,305,376,302,374,6,4,9.5,170.89539913459782,taiko
212065,2026-05-04T17:05:24.129201,1777928724.129201,14473.007174253464,74655,4972,306,377,302,374,8,6,14.5,170.59686762578735,taiko
212195,2026-05-04T17:05:32.993123,1777928732.9931233,14481.871096611023,74683,4973,243,32,241,29,5,6,11.0,348.866000789353,koto
212264,2026-05-04T17:05:37.696288,1777928737.6962876,14486.574260950089,74684,4974,149,132,147,129,5,6,12.0,303.8914578372475,koto
212269,2026-05-04T17:05:38.033276,1777928738.0332758,14486.911249160767,74685,4975,151,133,149,129,4,8,8.0,303.9964591482505,koto
212280,2026-05-04T17:05:38.785347,1777928738.7853472,14487.663320541382,74686,4976,150,134,147,129,7,10,14.5,303.486168815513,koto
212317,2026-05-04T17:05:41.312374,1777928741.3123739,14490.190347194672,74691,4977,282,252,278,250,8,4,10.0,176.42366562500263,taiko
212322,2026-05-04T17:05:41.648065,1777928741.6480646,14490.526037931442,74692,4978,283,252,280,250,6,4,9.0,174.64417495714486,taiko
212323,2026-05-04T17:05:41.712592,1777928741.7125921,14490.590565443039,74693,4979,283,251,281,249,5,5,8.5,174.47245984834387,taiko
212335,2026-05-04T17:05:42.528531,1777928742.5285308,14491.406504154205,74694,4980,283,251,281,249,5,5,8.0,174.47245984834387,taiko
212406,2026-05-04T17:05:47.376037,1777928747.376037,14496.2540102005,74695,4981,163,222,161,219,4,6,8.0,269.0206803456605,koto
212424,2026-05-04T17:05:48.592012,1777928748.5920117,14497.46998500824,74696,4982,237,415,234,412,6,6,12.0,192.43544150252765,shoko
212443,2026-05-04T17:05:49.887712,1777928749.8877125,14498.765685796738,74710,4983,382,246,379,243,7,6,15.0,104.30027744918561,biwa
212444,2026-05-04T17:05:49.968952,1777928749.9689522,14498.846925497055,74711,4984,383,246,379,243,8,7,16.5,104.16705552263119,biwa
212445,2026-05-04T17:05:50.032771,1777928750.0327713,14498.910744667053,74713,4985,382,246,379,243,7,6,17.0,104.30027744918561,biwa
212461,2026-05-04T17:05:51.121370,1777928751.1213698,14499.999343156815,74740,4986,382,246,379,243,7,6,15.0,104.30027744918561,biwa
212462,2026-05-04T17:05:51.185087,1777928751.1850874,14500.063060760498,74741,4987,382,246,379,243,7,6,17.0,104.30027744918561,biwa
212463,2026-05-04T17:05:51.263480,1777928751.2634797,14500.141453027725,74742,4988,382,246,379,243,7,6,18.5,104.30027744918561,biwa
212482,2026-05-04T17:05:52.544157,1777928752.5441573,14501.422130584717,74768,4989,382,246,379,243,6,6,14.5,104.30027744918561,biwa
212834,2026-05-04T17:06:16.544332,1777928776.5443318,14525.422305107117,74779,4990,305,260,302,258,7,5,10.0,147.99461679191654,biwa
212894,2026-05-04T17:06:20.625583,1777928780.6255832,14529.503556489944,74781,4991,344,426,342,424,4,5,8.5,162.74104570709596,kakko
212895,2026-05-04T17:06:20.689617,1777928780.6896167,14529.567589998245,74782,4992,351,429,349,427,5,5,10.0,161.2367121953073,kakko
212942,2026-05-04T17:06:23.905127,1777928783.9051266,14532.783099889755,74783,4993,362,330,360,328,5,5,8.5,143.29714496983684,biwa
212954,2026-05-04T17:06:24.721379,1777928784.7213786,14533.599351882935,74784,4994,364,325,362,322,5,6,11.5,141.34019174590992,biwa
213296,2026-05-04T17:06:48.016826,1777928808.0168264,14556.89479970932,74785,4995,444,217,441,215,6,5,8.0,88.95202335399352,biwa
213298,2026-05-04T17:06:48.159976,1777928808.1599755,14557.037948846817,74786,4996,446,217,443,215,6,4,9.0,88.96464681345503,biwa
213299,2026-05-04T17:06:48.224540,1777928808.2245398,14557.102513074875,74787,4997,446,217,443,215,6,5,14.5,88.96464681345503,biwa
213300,2026-05-04T17:06:48.288078,1777928808.288078,14557.166051387787,74788,4998,446,217,443,215,6,5,11.0,88.96464681345503,biwa
213301,2026-05-04T17:06:48.368597,1777928808.368597,14557.24657034874,74789,4999,446,217,443,215,6,5,11.0,88.96464681345503,biwa
213302,2026-05-04T17:06:48.431912,1777928808.4319122,14557.309885501862,74790,5000,446,217,443,215,6,4,9.0,88.96464681345503,biwa
213552,2026-05-04T17:07:05.472628,1777928825.472628,14574.350601434708,74792,5001,229,196,227,193,5,6,11.0,295.2011236454751,koto
213556,2026-05-04T17:07:05.744807,1777928825.7448075,14574.622780799866,74793,5002,230,196,227,193,7,6,11.0,295.6410058243053,koto
213557,2026-05-04T17:07:05.808436,1777928825.8084357,14574.686408996582,74794,5003,232,196,229,194,6,5,12.0,296.565051177078,koto
213558,2026-05-04T17:07:05.872487,1777928825.872487,14574.750460386276,74795,5004,231,196,229,193,5,6,13.0,296.0954241573883,koto
213559,2026-05-04T17:07:05.953048,1777928825.9530485,14574.831021785736,74796,5005,231,196,229,194,5,5,8.0,296.0954241573883,koto
213560,2026-05-04T17:07:06.016004,1777928826.0160043,14574.89397764206,74797,5006,231,196,229,194,5,5,8.0,296.0954241573883,koto
213597,2026-05-04T17:07:08.528735,1777928828.5287354,14577.406708717346,74818,5007,231,196,229,194,5,5,9.0,296.0954241573883,koto
213598,2026-05-04T17:07:08.608138,1777928828.6081378,14577.486111164093,74819,5008,231,195,229,193,5,5,11.0,297.030860259843,koto
213602,2026-05-04T17:07:08.881248,1777928828.8812485,14577.759221792221,74820,5009,231,196,229,193,4,6,8.0,296.0954241573883,koto
213607,2026-05-04T17:07:09.216736,1777928829.216736,14578.094709396362,74821,5010,231,195,229,193,5,4,8.5,297.030860259843,koto
214038,2026-05-04T17:07:38.592634,1777928858.5926344,14607.470607757568,74822,5011,276,229,274,226,4,7,9.5,203.96248897457818,shoko
214039,2026-05-04T17:07:38.656374,1777928858.6563742,14607.53434753418,74823,5012,274,229,271,226,7,7,11.5,213.69006752597977,koto
214076,2026-05-04T17:07:41.185111,1777928861.1851108,14610.063084125519,74830,5013,290,218,287,215,7,6,11.5,78.69006752597977,biwa
214077,2026-05-04T17:07:41.248183,1777928861.2481833,14610.126156568527,74831,5014,289,219,286,217,7,5,10.0,83.65980825409008,biwa
214078,2026-05-04T17:07:41.311894,1777928861.311894,14610.189867258072,74832,5015,288,219,286,216,5,6,10.5,82.8749836510982,biwa
214079,2026-05-04T17:07:41.376005,1777928861.3760047,14610.253978013992,74833,5016,287,219,284,216,7,6,17.0,81.86989764584405,biwa
214080,2026-05-04T17:07:41.456697,1777928861.456697,14610.334670305252,74834,5017,287,218,284,216,6,5,11.0,74.05460409907715,biwa
214081,2026-05-04T17:07:41.520254,1777928861.5202541,14610.398227453232,74835,5018,287,219,284,216,7,6,12.0,81.86989764584405,biwa
214118,2026-05-04T17:07:44.032259,1777928864.0322587,14612.910232067108,74867,5019,287,218,284,216,7,5,13.0,74.05460409907715,biwa
214119,2026-05-04T17:07:44.112880,1777928864.1128798,14612.990853071213,74868,5020,286,218,283,216,6,5,8.0,71.56505117707798,biwa
214120,2026-05-04T17:07:44.176806,1777928864.1768062,14613.054779529572,74869,5021,286,218,284,216,5,5,8.0,71.56505117707798,biwa
214121,2026-05-04T17:07:44.240550,1777928864.2405496,14613.118522882462,74870,5022,286,218,283,216,6,5,12.0,71.56505117707798,biwa
214122,2026-05-04T17:07:44.305187,1777928864.3051867,14613.183160066605,74871,5023,286,218,283,216,6,5,8.0,71.56505117707798,biwa
214163,2026-05-04T17:07:47.104654,1777928867.104654,14615.982627391815,74872,5024,207,103,205,101,5,5,9.0,328.038656583023,koto
214165,2026-05-04T17:07:47.248505,1777928867.248505,14616.126478433609,74873,5025,206,102,204,100,5,5,12.5,327.90740867126584,koto
214166,2026-05-04T17:07:47.312327,1777928867.3123274,14616.190300703049,74874,5026,206,103,204,101,5,4,8.5,327.68752137386997,koto
214167,2026-05-04T17:07:47.376314,1777928867.3763142,14616.254287481308,74875,5027,207,102,205,100,4,5,8.5,328.2572388465811,koto
214168,2026-05-04T17:07:47.440919,1777928867.4409187,14616.318892002106,74876,5028,206,102,204,100,5,5,11.0,327.90740867126584,koto
214169,2026-05-04T17:07:47.521408,1777928867.5214076,14616.399380922318,74877,5029,207,102,205,100,4,5,10.0,328.2572388465811,koto
214209,2026-05-04T17:07:50.240049,1777928870.2400494,14619.118022680283,74896,5030,206,103,204,101,5,4,8.5,327.68752137386997,koto
214354,2026-05-04T17:08:00.800797,1777928880.8007965,14629.678769826889,78571,5031,338,97,336,94,5,6,8.0,25.24597356156943,biwa
214660,2026-05-04T17:08:21.649035,1777928901.6490355,14650.527008771896,78572,5032,460,331,457,329,6,5,9.5,121.6607510966366,biwa
214663,2026-05-04T17:08:21.856078,1777928901.856078,14650.73405122757,78573,5033,461,330,459,327,5,6,10.0,121.28850646056748,biwa
214844,2026-05-04T17:08:34.192334,1777928914.1923342,14663.07030749321,78574,5034,341,405,338,403,7,5,13.0,161.75107578158554,kakko
215408,2026-05-04T17:09:12.624748,1777928952.6247482,14701.50272154808,78575,5035,445,217,442,215,6,5,12.0,88.95837332399003,biwa
215445,2026-05-04T17:09:15.152627,1777928955.1526275,14704.03060078621,78576,5036,207,102,205,100,5,5,8.0,328.2572388465811,koto
215450,2026-05-04T17:09:15.487877,1777928955.4878774,14704.365850687027,78577,5037,207,102,205,100,4,5,8.5,328.2572388465811,koto
215453,2026-05-04T17:09:15.695592,1777928955.6955917,14704.573565006256,78578,5038,207,102,205,100,5,5,9.5,328.2572388465811,koto
215454,2026-05-04T17:09:15.760112,1777928955.7601123,14704.638085603714,78579,5039,207,102,205,100,5,5,8.5,328.2572388465811,koto
215456,2026-05-04T17:09:15.904619,1777928955.9046195,14704.782592773438,78580,5040,207,102,205,100,5,5,9.5,328.2572388465811,koto
215544,2026-05-04T17:09:21.904923,1777928961.9049234,14710.782896757126,78584,5041,263,376,260,374,6,5,8.0,186.21922968879116,taiko
215545,2026-05-04T17:09:21.968976,1777928961.9689765,14710.84694981575,78585,5042,369,235,367,232,5,6,10.0,99.56668598971441,biwa
215546,2026-05-04T17:09:22.032623,1777928962.032623,14710.910596370697,78586,5043,370,235,367,233,6,5,11.5,99.46232220802563,biwa
215547,2026-05-04T17:09:22.096659,1777928962.0966592,14710.974632501602,78587,5044,370,234,367,231,6,7,15.5,98.84181456019166,biwa
215548,2026-05-04T17:09:22.177066,1777928962.177066,14711.055039405823,78588,5045,370,234,367,231,6,7,16.5,98.84181456019166,biwa
215550,2026-05-04T17:09:22.304624,1777928962.304624,14711.182597398758,78589,5046,370,236,368,233,5,6,11.0,100.08059798754232,biwa
215667,2026-05-04T17:09:30.272275,1777928970.2722747,14719.15024805069,78595,5047,77,299,75,296,4,6,9.5,248.73587533944772,koto
216114,2026-05-04T17:10:00.735887,1777929000.7358873,14749.613860607147,78596,5048,261,267,259,264,5,6,10.5,202.01128319791937,shoko
216170,2026-05-04T17:10:04.561051,1777929004.5610511,14753.439024448395,78597,5049,312,303,309,301,7,4,9.0,158.9162454176194,kakko
216760,2026-05-04T17:10:44.769246,1777929044.7692456,14793.647218942642,78598,5050,172,79,170,77,5,4,8.5,322.5494217682633,koto
216823,2026-05-04T17:10:49.056078,1777929049.0560777,14797.934051036835,78599,5051,346,429,342,426,8,6,17.0,162.47443162627712,kakko
216896,2026-05-04T17:10:54.032109,1777929054.0321093,14802.910082578659,78600,5052,95,262,93,260,5,5,9.0,257.20912079884187,koto
217023,2026-05-04T17:11:02.688691,1777929062.6886907,14811.566663980484,78601,5053,345,429,342,426,7,6,11.5,162.72405623597137,kakko
217024,2026-05-04T17:11:02.752921,1777929062.7529213,14811.63089466095,78602,5054,345,429,341,425,9,8,23.0,162.72405623597137,kakko
217025,2026-05-04T17:11:02.817491,1777929062.817491,14811.695464372635,78603,5055,347,429,344,426,6,6,13.5,162.225492005736,kakko
217026,2026-05-04T17:11:02.896610,1777929062.8966103,14811.77458357811,78604,5056,348,429,344,426,8,6,20.0,161.97724391848033,kakko
217176,2026-05-04T17:11:13.120374,1777929073.1203744,14821.998347759247,78606,5057,406,391,403,388,7,7,18.0,143.61564818416412,biwa
217189,2026-05-04T17:11:14.001059,1777929074.0010588,14822.87903213501,78607,5058,176,185,171,183,10,4,8.0,288.60006588603306,koto
217615,2026-05-04T17:11:43.024794,1777929103.024794,14851.902767419815,78608,5059,448,303,444,300,9,6,10.0,116.29156504641116,biwa
217636,2026-05-04T17:11:44.465136,1777929104.4651363,14853.343109607697,78609,5060,458,196,456,193,4,7,10.0,82.32103619263131,biwa
217707,2026-05-04T17:11:49.296513,1777929109.2965128,14858.174486160278,78610,5061,422,167,418,162,8,10,20.5,69.53244240043142,biwa
217910,2026-05-04T17:12:03.136834,1777929123.136834,14872.014807224274,78611,5062,315,123,312,121,6,4,9.0,19.840698083968334,biwa
217911,2026-05-04T17:12:03.200337,1777929123.2003372,14872.078310489655,78612,5063,314,122,312,120,5,5,8.5,19.133643205905457,biwa
217914,2026-05-04T17:12:03.408572,1777929123.4085717,14872.286545038223,78613,5064,315,122,312,120,6,5,10.0,19.653824058053317,biwa
217915,2026-05-04T17:12:03.473350,1777929123.4733503,14872.351323604584,78614,5065,314,123,311,121,6,5,8.0,19.316352819504175,biwa
217928,2026-05-04T17:12:04.352985,1777929124.3529854,14873.23095870018,78615,5066,315,123,312,120,6,6,9.5,19.840698083968334,biwa
217966,2026-05-04T17:12:06.944619,1777929126.9446194,14875.82259273529,78616,5067,305,239,302,237,7,5,9.0,127.23483398157464,biwa
217967,2026-05-04T17:12:07.024136,1777929127.0241356,14875.9021089077,78617,5068,304,239,300,235,8,8,22.0,128.36748538486154,biwa
217968,2026-05-04T17:12:07.089507,1777929127.0895066,14875.96747994423,78618,5069,303,239,299,235,9,8,19.5,129.55966796899452,biwa
217969,2026-05-04T17:12:07.153773,1777929127.1537728,14876.031746149063,78619,5070,304,238,299,234,10,9,34.0,126.86989764584405,biwa
217971,2026-05-04T17:12:07.297338,1777929127.2973375,14876.175310850143,78621,5071,303,239,299,235,9,8,26.0,129.55966796899452,biwa
217972,2026-05-04T17:12:07.360970,1777929127.3609698,14876.238943099976,78623,5072,304,239,299,235,10,8,35.5,128.36748538486154,biwa
218009,2026-05-04T17:12:09.872741,1777929129.8727412,14878.750714540482,78666,5073,304,238,299,235,10,7,25.5,126.86989764584405,biwa
218010,2026-05-04T17:12:09.952513,1777929129.9525132,14878.830486536026,78667,5074,304,239,299,235,11,8,25.5,128.36748538486154,biwa
218011,2026-05-04T17:12:10.017124,1777929130.0171237,14878.895097017288,78668,5075,302,237,300,235,5,5,9.0,127.69424046668917,biwa
218012,2026-05-04T17:12:10.079781,1777929130.079781,14878.95775437355,78669,5076,304,239,300,235,9,8,26.0,128.36748538486154,biwa
218013,2026-05-04T17:12:10.144801,1777929130.1448014,14879.02277469635,78670,5077,305,239,300,235,10,8,26.5,127.23483398157464,biwa
218015,2026-05-04T17:12:10.288682,1777929130.2886825,14879.166655778885,78672,5078,305,240,300,236,10,8,23.5,128.65980825409008,biwa
218530,2026-05-04T17:12:45.375774,1777929165.3757744,14914.253747701645,78680,5079,266,374,264,371,4,6,8.0,185.1944289077348,taiko
218582,2026-05-04T17:12:48.928973,1777929168.9289727,14917.8069460392,78681,5080,387,266,385,264,5,5,8.0,113.26318550264301,biwa
218595,2026-05-04T17:12:49.807831,1777929169.8078313,14918.685804605484,78682,5081,246,141,244,138,5,6,8.0,336.7139350817764,koto
218760,2026-05-04T17:13:01.056393,1777929181.056393,14929.934366226196,78683,5082,196,75,192,73,8,5,8.0,329.9158434412248,koto
218761,2026-05-04T17:13:01.119894,1777929181.1198936,14929.997866868973,78684,5083,194,75,192,72,5,6,9.0,329.3276742176649,koto
218762,2026-05-04T17:13:01.200608,1777929181.2006078,14930.078581094742,78685,5084,196,75,192,73,8,5,9.5,329.9158434412248,koto
218763,2026-05-04T17:13:01.263901,1777929181.263901,14930.141874313354,78686,5085,196,75,192,73,8,5,13.0,329.9158434412248,koto
218765,2026-05-04T17:13:01.392225,1777929181.3922253,14930.270198583603,78687,5086,195,75,192,73,7,4,9.5,329.6208739886317,koto
218767,2026-05-04T17:13:01.536826,1777929181.5368257,14930.41479897499,78688,5087,196,75,192,73,8,5,8.0,329.9158434412248,koto
218805,2026-05-04T17:13:04.128557,1777929184.1285567,14933.006530046463,78694,5088,195,75,192,73,6,4,10.0,329.6208739886317,koto
219093,2026-05-04T17:13:23.744839,1777929203.744839,14952.622812271118,78695,5089,304,376,301,374,6,5,12.0,171.25383773744477,taiko
219095,2026-05-04T17:13:23.888428,1777929203.888428,14952.766401290894,78696,5090,304,376,301,374,6,4,9.0,171.25383773744477,taiko
219097,2026-05-04T17:13:24.015884,1777929204.015884,14952.893857240677,78697,5091,303,376,301,374,4,5,8.0,171.61296762134054,taiko
219100,2026-05-04T17:13:24.225564,1777929204.225564,14953.10353732109,78698,5092,303,376,301,374,4,5,9.0,171.61296762134054,taiko
219114,2026-05-04T17:13:25.184630,1777929205.1846302,14954.062603473663,78699,5093,304,376,301,374,6,4,10.0,171.25383773744477,taiko
219235,2026-05-04T17:13:33.424694,1777929213.4246943,14962.302667617798,78702,5094,155,243,151,241,8,5,14.5,259.5741914741152,koto
219727,2026-05-04T17:14:06.961032,1777929246.9610317,14995.839004993439,78706,5095,380,227,376,222,8,10,35.0,94.0041729407094,biwa
219728,2026-05-04T17:14:07.025158,1777929247.0251584,14995.903131723404,78707,5096,370,235,367,232,7,7,16.0,99.46232220802563,biwa
219729,2026-05-04T17:14:07.087965,1777929247.0879645,14995.96593785286,78709,5097,370,235,367,232,7,7,20.5,99.46232220802563,biwa
219730,2026-05-04T17:14:07.152259,1777929247.1522589,14996.030232191086,78711,5098,371,235,368,232,6,7,13.5,99.36019080191335,biwa
219731,2026-05-04T17:14:07.233502,1777929247.2335024,14996.1114757061,78713,5099,370,235,367,232,7,7,20.5,99.46232220802563,biwa
219732,2026-05-04T17:14:07.296985,1777929247.2969854,14996.174958705902,78716,5100,370,235,367,232,7,7,18.5,99.46232220802563,biwa
219770,2026-05-04T17:14:09.888137,1777929249.888137,14998.766110420227,78771,5101,371,236,369,234,4,5,8.5,99.97205768733107,biwa
220276,2026-05-04T17:14:44.369276,1777929284.3692756,15033.247248888016,78772,5102,201,385,198,383,6,5,11.0,205.58453454403698,shoko
220277,2026-05-04T17:14:44.432726,1777929284.4327257,15033.310698986053,78773,5103,364,221,363,218,3,6,8.0,90.68206039317266,biwa
220280,2026-05-04T17:14:44.640866,1777929284.640866,15033.518839359283,78774,5104,364,221,362,219,5,5,10.0,90.68206039317266,biwa
220283,2026-05-04T17:14:44.849559,1777929284.8495593,15033.727532625198,78775,5105,364,221,362,219,5,5,9.0,90.68206039317266,biwa
220289,2026-05-04T17:14:45.249013,1777929285.2490134,15034.12698674202,78776,5106,234,195,229,191,10,9,36.5,298.52311860631204,koto
220290,2026-05-04T17:14:45.328484,1777929285.3284836,15034.206456899643,78777,5107,231,197,227,194,9,6,21.5,295.14478563067894,koto
220331,2026-05-04T17:14:48.112380,1777929288.1123798,15036.990353107452,78789,5108,232,198,230,195,4,6,8.0,294.6235647861636,koto
220775,2026-05-04T17:15:18.368894,1777929318.3688936,15067.246866941452,78790,5109,164,31,160,29,8,5,12.5,328.46020322240014,koto
220776,2026-05-04T17:15:18.432272,1777929318.4322724,15067.310245752335,78791,5110,262,47,259,45,6,5,14.5,354.0599627476994,koto
220913,2026-05-04T17:15:27.840858,1777929327.8408582,15076.718831539154,82801,5111,234,313,231,309,6,8,16.5,206.31808813965173,shoko
220923,2026-05-04T17:15:28.529155,1777929328.5291555,15077.407128810883,82802,5112,235,312,232,309,6,7,11.5,206.06466407828574,shoko
221212,2026-05-04T17:15:48.224472,1777929348.2244716,15097.102444887161,82803,5113,126,245,123,242,6,6,12.5,260.7791759593621,koto
221277,2026-05-04T17:15:52.656965,1777929352.6569645,15101.534937858582,82804,5114,421,166,418,163,6,6,11.5,69.04422326936782,biwa
221727,2026-05-04T17:16:23.312145,1777929383.3121448,15132.190118074417,82805,5115,289,354,286,352,6,4,9.0,176.15754687208516,taiko
221732,2026-05-04T17:16:23.648518,1777929383.648518,15132.52649140358,82806,5116,289,354,286,353,6,3,8.0,176.15754687208516,taiko
221734,2026-05-04T17:16:23.793496,1777929383.7934964,15132.671469688416,82807,5117,363,327,359,323,8,9,19.5,142.19923363836767,biwa
221735,2026-05-04T17:16:23.856841,1777929383.8568413,15132.73481464386,82808,5118,290,354,287,353,6,3,8.0,175.73210669970922,taiko
221737,2026-05-04T17:16:24.000693,1777929384.000693,15132.87866640091,82809,5119,290,354,287,353,6,3,8.0,175.73210669970922,taiko
221738,2026-05-04T17:16:24.065270,1777929384.0652702,15132.94324350357,82810,5120,289,354,285,353,8,3,10.0,176.15754687208516,taiko
221796,2026-05-04T17:16:28.016194,1777929388.016194,15136.894167423248,82847,5121,288,219,285,217,6,4,9.5,82.8749836510982,biwa
221798,2026-05-04T17:16:28.161324,1777929388.1613235,15137.039296865463,82848,5122,290,221,286,218,8,6,14.5,95.71059313749964,biwa
221799,2026-05-04T17:16:28.225040,1777929388.2250404,15137.103013753891,82849,5123,287,219,284,217,6,5,13.0,81.86989764584405,biwa
221801,2026-05-04T17:16:28.353037,1777929388.3530369,15137.231010198593,82850,5124,288,220,285,218,6,4,12.0,90.0,biwa
221803,2026-05-04T17:16:28.497076,1777929388.4970763,15137.375049591064,82851,5125,289,221,284,218,10,6,18.0,96.34019174590992,biwa
221841,2026-05-04T17:16:31.088864,1777929391.088864,15139.966837406158,82859,5126,288,219,285,217,6,4,8.0,82.8749836510982,biwa
221842,2026-05-04T17:16:31.152735,1777929391.1527355,15140.030708789825,82860,5127,287,219,284,217,7,4,9.0,81.86989764584405,biwa
221843,2026-05-04T17:16:31.217238,1777929391.2172384,15140.095211744308,82861,5128,287,219,283,217,8,4,12.0,81.86989764584405,biwa
221844,2026-05-04T17:16:31.296739,1777929391.2967393,15140.174712657928,82862,5129,287,220,283,218,8,4,13.0,90.0,biwa
221845,2026-05-04T17:16:31.361053,1777929391.3610525,15140.239025831223,82863,5130,286,219,283,217,7,5,12.0,80.53767779197437,biwa
221846,2026-05-04T17:16:31.425192,1777929391.425192,15140.303165435791,82864,5131,287,220,283,218,8,4,13.0,90.0,biwa
222085,2026-05-04T17:16:47.712568,1777929407.7125683,15156.590541601181,82872,5132,112,220,110,218,4,5,8.5,270.0,koto
222086,2026-05-04T17:16:47.776211,1777929407.7762108,15156.654184103012,82873,5133,112,223,109,220,7,6,14.0,268.97696981133214,koto
222089,2026-05-04T17:16:47.983939,1777929407.9839394,15156.861912727356,82874,5134,112,223,109,220,6,7,15.0,268.97696981133214,koto
222258,2026-05-04T17:16:59.504901,1777929419.504901,15168.382874250412,82876,5135,191,50,188,48,6,4,9.5,332.3666198832585,koto
222259,2026-05-04T17:16:59.568587,1777929419.568587,15168.446560382843,82877,5136,190,49,188,47,4,5,8.5,332.24145939894,koto
222260,2026-05-04T17:16:59.633215,1777929419.633215,15168.511188268661,82880,5137,165,34,161,31,9,7,17.5,328.2723450069965,koto
222261,2026-05-04T17:16:59.712715,1777929419.712715,15168.590688228607,82882,5138,176,33,172,31,9,4,10.0,330.91938783211765,koto
222262,2026-05-04T17:16:59.777984,1777929419.7779841,15168.655957460403,82884,5139,189,40,186,37,6,6,11.0,333.1808672090308,koto
222341,2026-05-04T17:17:05.153050,1777929425.1530502,15174.03102350235,84154,5140,272,11,270,8,5,6,10.0,357.8079302797756,koto
222345,2026-05-04T17:17:05.425063,1777929425.4250627,15174.303035974503,84155,5141,301,29,299,27,5,5,8.5,6.274334557081829,biwa
222352,2026-05-04T17:17:05.905625,1777929425.905625,15174.783598423004,84156,5142,114,215,111,211,7,8,17.5,271.7252548754726,koto
222353,2026-05-04T17:17:05.968784,1777929425.9687843,15174.846757650375,84157,5143,115,215,112,210,7,10,30.0,271.7357045889284,koto
222354,2026-05-04T17:17:06.049388,1777929426.0493877,15174.927361011505,84158,5144,114,215,112,211,5,8,11.5,271.7252548754726,koto
222355,2026-05-04T17:17:06.111791,1777929426.1117911,15174.98976445198,84159,5145,114,214,111,211,7,7,17.5,272.0700306530411,koto
222503,2026-05-04T17:17:16.192690,1777929436.1926904,15185.070663690567,84170,5146,326,379,324,377,5,5,8.5,163.86441133869448,kakko
222675,2026-05-04T17:17:27.921039,1777929447.921039,15196.799012422562,84171,5147,154,243,151,241,6,5,8.0,259.6551425185248,koto
222676,2026-05-04T17:17:27.984211,1777929447.9842107,15196.862184047699,84172,5148,153,244,150,242,7,4,11.0,259.29864927610083,koto
222677,2026-05-04T17:17:28.049121,1777929448.0491207,15196.927093982697,84173,5149,154,243,151,241,7,5,12.0,259.6551425185248,koto
222678,2026-05-04T17:17:28.128914,1777929448.1289136,15197.006886959076,84174,5150,154,243,152,241,5,5,8.0,259.6551425185248,koto
222680,2026-05-04T17:17:28.256473,1777929448.256473,15197.134446382523,84175,5151,154,243,152,241,5,5,8.0,259.6551425185248,koto
222753,2026-05-04T17:17:33.232516,1777929453.2325163,15202.110489606857,84176,5152,188,327,185,325,6,4,8.0,220.68937417517947,koto
222755,2026-05-04T17:17:33.376229,1777929453.3762288,15202.254202127457,84177,5153,188,327,185,325,6,4,9.0,220.68937417517947,koto
222838,2026-05-04T17:17:39.025455,1777929459.0254548,15207.903428077698,84178,5154,235,377,233,375,5,5,8.0,195.99358409772995,shoko
222952,2026-05-04T17:17:46.800853,1777929466.8008525,15215.678825855255,84179,5155,267,376,263,374,8,5,9.5,184.7636416907262,taiko
222953,2026-05-04T17:17:46.864690,1777929466.8646898,15215.742663145065,84180,5156,267,376,263,374,9,5,12.5,184.7636416907262,taiko
222954,2026-05-04T17:17:46.929545,1777929466.929545,15215.80751824379,84181,5157,267,376,263,374,9,5,12.5,184.7636416907262,taiko
222955,2026-05-04T17:17:46.993167,1777929466.9931667,15215.871140003204,84182,5158,267,376,263,374,9,5,11.5,184.7636416907262,taiko
222956,2026-05-04T17:17:47.072731,1777929467.0727308,15215.950704097748,84183,5159,267,376,263,374,9,5,11.0,184.7636416907262,taiko
222962,2026-05-04T17:17:47.472631,1777929467.4726315,15216.350604772568,84184,5160,267,376,263,374,9,4,10.0,184.7636416907262,taiko
223036,2026-05-04T17:17:52.512107,1777929472.512107,15221.390080213547,84191,5161,172,79,170,76,5,6,13.0,322.5494217682633,koto
223039,2026-05-04T17:17:52.720669,1777929472.7206686,15221.598641872406,84192,5162,172,79,170,77,5,5,10.5,322.5494217682633,koto
223044,2026-05-04T17:17:53.073401,1777929473.073401,15221.951374292374,84193,5163,172,79,170,77,5,5,9.0,322.5494217682633,koto
223045,2026-05-04T17:17:53.136552,1777929473.1365516,15222.014524936676,84194,5164,172,79,170,77,5,5,9.0,322.5494217682633,koto
223046,2026-05-04T17:17:53.201238,1777929473.2012382,15222.079211473465,84195,5165,172,79,170,77,5,5,8.5,322.5494217682633,koto
223047,2026-05-04T17:17:53.264922,1777929473.264922,15222.14289522171,84196,5166,172,79,170,77,5,5,8.5,322.5494217682633,koto
223118,2026-05-04T17:17:58.113158,1777929478.1131585,15226.991131782532,84217,5167,158,318,156,315,4,6,8.0,231.22582906442577,koto
223130,2026-05-04T17:17:58.928871,1777929478.9288707,15227.806843996048,84218,5168,158,318,156,315,4,6,8.0,231.22582906442577,koto
223137,2026-05-04T17:17:59.408478,1777929479.408478,15228.286451339722,84219,5169,158,318,156,315,4,6,8.0,231.22582906442577,koto
223459,2026-05-04T17:18:21.344710,1777929501.3447104,15250.222683668137,84224,5170,391,406,389,403,5,7,13.5,149.17233770013195,biwa
223461,2026-05-04T17:18:21.488521,1777929501.4885206,15250.366493940353,84225,5171,391,406,389,403,4,7,12.5,149.17233770013195,biwa
223462,2026-05-04T17:18:21.553296,1777929501.5532956,15250.431268930435,84226,5172,390,407,388,404,5,6,10.5,149.53445508054017,biwa
223466,2026-05-04T17:18:21.825270,1777929501.8252702,15250.703243494034,84227,5173,391,407,389,404,5,6,11.5,149.3073571204103,biwa
223470,2026-05-04T17:18:22.096936,1777929502.096936,15250.974909305573,84228,5174,391,407,389,405,5,5,8.5,149.3073571204103,biwa
223477,2026-05-04T17:18:22.576233,1777929502.5762334,15251.454206705093,84229,5175,391,407,389,404,5,6,9.5,149.3073571204103,biwa
223637,2026-05-04T17:18:33.472921,1777929513.472921,15262.350894212723,84232,5176,392,406,388,403,8,6,16.0,148.94572888364723,biwa
223639,2026-05-04T17:18:33.616982,1777929513.6169825,15262.494955778122,84233,5177,391,405,387,403,9,5,17.0,149.0362434679265,biwa
223640,2026-05-04T17:18:33.680011,1777929513.6800108,15262.557984113693,84234,5178,392,406,389,403,7,7,17.5,148.94572888364723,biwa
223641,2026-05-04T17:18:33.745073,1777929513.745073,15262.623046398163,84235,5179,390,406,387,403,7,7,17.0,149.40002130679107,biwa
223642,2026-05-04T17:18:33.809153,1777929513.8091526,15262.68712592125,84236,5180,391,407,387,404,9,6,21.0,149.3073571204103,biwa
223643,2026-05-04T17:18:33.889018,1777929513.8890178,15262.766991138458,84237,5181,391,406,388,402,7,8,15.0,149.17233770013195,biwa
223684,2026-05-04T17:18:36.672794,1777929516.6727936,15265.550766944885,84257,5182,395,403,393,400,5,6,11.5,147.85411736898897,biwa
223685,2026-05-04T17:18:36.753328,1777929516.7533283,15265.631301641464,84258,5183,395,403,393,401,5,5,8.0,147.85411736898897,biwa
223687,2026-05-04T17:18:36.880620,1777929516.8806195,15265.75859284401,84259,5184,395,403,393,400,4,6,9.5,147.85411736898897,biwa
223689,2026-05-04T17:18:37.025123,1777929517.0251226,15265.903095960617,84260,5185,395,401,393,399,5,5,11.0,147.5697918076787,biwa
223690,2026-05-04T17:18:37.089326,1777929517.089326,15265.967299222946,84261,5186,396,402,393,399,6,7,16.0,147.4880857689485,biwa
223691,2026-05-04T17:18:37.152175,1777929517.1521752,15266.030148506165,84262,5187,395,403,392,399,7,8,22.0,147.85411736898897,biwa
224156,2026-05-04T17:19:08.848359,1777929548.8483586,15297.726331949234,84287,5188,301,263,299,261,4,5,8.5,153.97040780848647,kakko
224160,2026-05-04T17:19:09.121449,1777929549.1214492,15297.999422550201,84288,5189,301,263,299,261,4,5,8.5,153.97040780848647,kakko
224161,2026-05-04T17:19:09.185658,1777929549.1856575,15298.06363081932,84289,5190,301,263,299,261,4,5,8.5,153.97040780848647,kakko
224162,2026-05-04T17:19:09.248507,1777929549.2485068,15298.126480102539,84290,5191,300,263,298,261,5,5,9.5,155.05609473657546,kakko
224165,2026-05-04T17:19:09.457028,1777929549.4570277,15298.335000991821,84291,5192,300,263,298,261,5,4,8.5,155.05609473657546,kakko
224168,2026-05-04T17:19:09.665560,1777929549.6655598,15298.543533086777,84292,5193,300,263,298,261,5,5,9.5,155.05609473657546,kakko
224206,2026-05-04T17:19:12.257042,1777929552.2570422,15301.13501548767,84311,5194,301,263,298,261,6,5,11.0,153.97040780848647,kakko
224207,2026-05-04T17:19:12.320796,1777929552.3207963,15301.198769569397,84312,5195,300,263,298,261,5,4,8.5,155.05609473657546,kakko
224208,2026-05-04T17:19:12.385470,1777929552.3854704,15301.26344370842,84313,5196,300,263,298,261,5,4,8.5,155.05609473657546,kakko
224209,2026-05-04T17:19:12.449574,1777929552.4495742,15301.327547550201,84314,5197,301,263,299,261,5,5,8.5,153.97040780848647,kakko
224313,2026-05-04T17:19:19.537003,1777929559.5370026,15308.414975881577,84315,5198,206,103,204,100,5,6,14.0,327.68752137386997,koto
224314,2026-05-04T17:19:19.616339,1777929559.6163392,15308.494312524796,84316,5199,206,103,204,100,5,6,10.5,327.68752137386997,koto
224315,2026-05-04T17:19:19.680984,1777929559.6809838,15308.558957099915,84317,5200,206,103,204,100,5,6,10.0,327.68752137386997,koto
224316,2026-05-04T17:19:19.744076,1777929559.744076,15308.622049331665,84318,5201,207,102,205,100,4,5,8.5,328.2572388465811,koto
224317,2026-05-04T17:19:19.808120,1777929559.8081195,15308.686092853546,84319,5202,206,103,204,100,5,7,13.5,327.68752137386997,koto
224318,2026-05-04T17:19:19.887956,1777929559.8879564,15308.765929698944,84320,5203,206,103,204,100,5,6,11.0,327.68752137386997,koto
224355,2026-05-04T17:19:22.401025,1777929562.4010253,15311.278998613358,84357,5204,207,102,205,100,4,5,8.5,328.2572388465811,koto
224356,2026-05-04T17:19:22.480614,1777929562.480614,15311.358587265015,84358,5205,206,103,204,100,5,6,12.5,327.68752137386997,koto
224357,2026-05-04T17:19:22.545133,1777929562.5451334,15311.42310667038,84359,5206,207,102,205,100,4,5,8.5,328.2572388465811,koto
224358,2026-05-04T17:19:22.608956,1777929562.608956,15311.486929416656,84360,5207,207,102,205,100,5,5,9.5,328.2572388465811,koto
224359,2026-05-04T17:19:22.671661,1777929562.6716614,15311.549634695053,84361,5208,206,102,204,100,5,5,12.0,327.90740867126584,koto
224360,2026-05-04T17:19:22.752824,1777929562.7528238,15311.63079714775,84362,5209,207,102,204,100,6,5,14.0,328.2572388465811,koto
224543,2026-05-04T17:19:35.216113,1777929575.2161129,15324.094086170197,84370,5210,341,285,338,283,6,5,9.5,136.81830296445185,biwa
224546,2026-05-04T17:19:35.424987,1777929575.4249868,15324.302960157394,84371,5211,344,284,341,282,6,5,8.0,135.0,biwa
224547,2026-05-04T17:19:35.489583,1777929575.4895828,15324.367556095123,84372,5212,343,285,340,282,7,6,11.5,135.8951737102111,biwa
224548,2026-05-04T17:19:35.553120,1777929575.55312,15324.431093215942,84373,5213,342,286,337,284,10,5,15.0,136.78991060824603,biwa
224551,2026-05-04T17:19:35.761060,1777929575.7610598,15324.639033079147,84374,5214,344,285,341,282,6,6,9.5,135.4441444331119,biwa
224553,2026-05-04T17:19:35.905029,1777929575.9050293,15324.783002614975,84376,5215,344,285,341,282,6,6,9.5,135.4441444331119,biwa
224809,2026-05-04T17:19:53.343935,1777929593.3439353,15342.221908569336,84386,5216,378,235,375,234,6,3,8.0,98.7022237899468,biwa
224810,2026-05-04T17:19:53.409317,1777929593.4093175,15342.287290811539,84391,5217,370,236,368,233,5,6,13.0,100.08059798754232,biwa
224814,2026-05-04T17:19:53.681362,1777929593.681362,15342.559335231781,84392,5218,369,235,366,231,7,9,24.5,99.56668598971441,biwa
224815,2026-05-04T17:19:53.744870,1777929593.74487,15342.622843265533,84395,5219,375,225,371,222,8,6,22.0,93.01278750418334,biwa
224816,2026-05-04T17:19:53.824738,1777929593.8247383,15342.702711582184,84396,5220,369,235,366,230,7,11,30.0,99.56668598971441,biwa
224817,2026-05-04T17:19:53.887920,1777929593.8879204,15342.765893697739,84398,5221,371,237,367,232,8,11,25.0,100.58163552094379,biwa
224858,2026-05-04T17:19:56.689550,1777929596.6895497,15345.567523002625,84453,5222,394,240,392,238,5,5,9.0,99.95062668795163,biwa
224864,2026-05-04T17:19:57.087498,1777929597.0874977,15345.965471029282,84455,5223,394,240,391,238,6,5,9.5,99.95062668795163,biwa
224904,2026-05-04T17:19:59.824645,1777929599.8246453,15348.702618598938,84459,5224,255,447,253,445,5,4,8.5,186.28477998415957,taiko
224906,2026-05-04T17:19:59.953214,1777929599.9532142,15348.831187486649,84460,5225,255,446,253,444,5,5,8.5,186.31236475464806,taiko
224908,2026-05-04T17:20:00.097141,1777929600.0971406,15348.975113868713,84461,5226,256,446,253,444,6,4,9.0,186.06178878872862,taiko
224913,2026-05-04T17:20:00.433232,1777929600.4332323,15349.311205625534,84466,5227,255,446,253,444,5,5,8.5,186.31236475464806,taiko
224914,2026-05-04T17:20:00.496395,1777929600.4963946,15349.374367952347,84467,5228,256,447,253,445,6,4,10.0,186.03528239661225,taiko
224915,2026-05-04T17:20:00.559875,1777929600.5598745,15349.437847852707,84468,5229,254,447,250,445,8,4,9.0,186.53403849618027,taiko
224961,2026-05-04T17:20:03.697023,1777929603.6970227,15352.574995994568,84469,5230,71,310,68,308,6,5,11.5,246.70222473918477,koto
224965,2026-05-04T17:20:03.967934,1777929603.967934,15352.845907211304,84470,5231,77,301,75,298,4,6,10.0,248.24727000874316,koto
225186,2026-05-04T17:20:19.040130,1777929619.0401304,15367.918103694916,84471,5232,276,227,274,225,5,5,8.5,209.74488129694222,shoko
225670,2026-05-04T17:20:52.016786,1777929652.0167863,15400.894759654999,84472,5233,226,441,224,438,5,6,11.5,193.73083175762548,shoko
225672,2026-05-04T17:20:52.160519,1777929652.1605186,15401.03849196434,84473,5234,226,441,224,438,4,6,11.5,193.73083175762548,shoko
225673,2026-05-04T17:20:52.225511,1777929652.2255113,15401.103484630585,84474,5235,225,441,223,438,5,6,12.0,193.97522562143817,shoko
225679,2026-05-04T17:20:52.625187,1777929652.6251872,15401.503160476685,84475,5236,225,440,223,438,5,5,9.5,194.03624346792648,shoko
225681,2026-05-04T17:20:52.768910,1777929652.7689104,15401.64688372612,84476,5237,225,441,223,438,5,6,12.5,193.97522562143817,shoko
225682,2026-05-04T17:20:52.833313,1777929652.8333135,15401.711286783218,84477,5238,225,440,223,438,5,5,9.5,194.03624346792648,shoko
225934,2026-05-04T17:21:10.001521,1777929670.0015206,15418.879493951797,84485,5239,422,166,419,163,6,6,10.0,69.17910714668915,biwa
226035,2026-05-04T17:21:16.897057,1777929676.8970566,15425.77502989769,84486,5240,362,330,360,327,5,6,10.0,143.29714496983684,biwa
226036,2026-05-04T17:21:16.961003,1777929676.961003,15425.83897638321,84488,5241,363,331,359,326,9,10,25.0,143.21278018928592,biwa
226037,2026-05-04T17:21:17.025605,1777929677.0256054,15425.90357875824,84489,5242,369,343,366,339,7,8,25.5,144.11135704478397,biwa
226038,2026-05-04T17:21:17.088024,1777929677.088024,15425.965997219086,84492,5243,364,331,359,325,10,13,37.5,142.88313931672974,biwa
226039,2026-05-04T17:21:17.168692,1777929677.168692,15426.046665430069,84493,5244,369,342,365,339,8,7,19.0,143.8889424784245,biwa
226040,2026-05-04T17:21:17.232656,1777929677.2326565,15426.110629796982,84495,5245,370,343,366,339,8,8,25.5,143.80679269443533,biwa
226103,2026-05-04T17:21:21.519932,1777929681.5199316,15430.397904872894,84504,5246,473,307,471,304,4,6,8.5,114.26476606200305,biwa
226111,2026-05-04T17:21:22.064368,1777929682.0643675,15430.94234085083,84505,5247,473,307,471,304,4,6,8.0,114.26476606200305,biwa
226112,2026-05-04T17:21:22.144139,1777929682.1441388,15431.022112131119,84506,5248,473,307,471,304,4,6,8.0,114.26476606200305,biwa
226113,2026-05-04T17:21:22.208239,1777929682.2082388,15431.086212158203,84507,5249,472,306,470,303,5,6,9.5,114.12840293026784,biwa
226114,2026-05-04T17:21:22.272293,1777929682.2722926,15431.150265932083,84508,5250,472,306,470,303,5,6,10.0,114.12840293026784,biwa
226120,2026-05-04T17:21:22.689090,1777929682.6890905,15431.567063808441,84509,5251,472,306,470,304,5,5,9.0,114.12840293026784,biwa
226180,2026-05-04T17:21:26.768850,1777929686.76885,15435.64682340622,84517,5252,276,228,274,226,5,5,8.0,206.565051177078,shoko
226490,2026-05-04T17:21:47.904958,1777929707.9049578,15456.782931089401,84519,5253,137,218,134,215,6,6,9.0,270.801287330107,koto
226563,2026-05-04T17:21:52.864716,1777929712.8647158,15461.74268913269,84520,5254,176,311,172,309,8,5,14.5,228.81407483429035,koto
226564,2026-05-04T17:21:52.945108,1777929712.9451082,15461.823081493378,84521,5255,177,312,173,309,8,7,23.0,228.2286478696356,koto
226565,2026-05-04T17:21:53.009728,1777929713.0097277,15461.887701034546,84523,5256,176,313,172,309,9,8,31.0,228.1959380135959,koto
226566,2026-05-04T17:21:53.073359,1777929713.0733588,15461.951332092285,84525,5257,176,312,172,308,9,8,28.0,228.50353164478443,koto
226567,2026-05-04T17:21:53.152799,1777929713.1527987,15462.030771970749,84527,5258,176,312,172,308,9,9,31.5,228.50353164478443,koto
226568,2026-05-04T17:21:53.217332,1777929713.2173316,15462.095304965973,84529,5259,176,312,172,308,9,9,31.5,228.50353164478443,koto
226605,2026-05-04T17:21:55.728743,1777929715.7287433,15464.606716632843,84599,5260,176,312,172,309,9,7,25.0,228.50353164478443,koto
226606,2026-05-04T17:21:55.809099,1777929715.8090987,15464.68707203865,84601,5261,176,312,172,308,9,8,24.0,228.50353164478443,koto
226607,2026-05-04T17:21:55.873027,1777929715.8730273,15464.751000642776,84603,5262,176,312,172,308,9,8,24.0,228.50353164478443,koto
226608,2026-05-04T17:21:55.936841,1777929715.9368405,15464.81481385231,84606,5263,176,312,172,308,9,8,28.5,228.50353164478443,koto
226610,2026-05-04T17:21:56.081074,1777929716.081074,15464.959047317505,84609,5264,176,311,172,308,8,7,24.0,228.81407483429035,koto
226611,2026-05-04T17:21:56.144853,1777929716.1448529,15465.022826194763,84610,5265,177,312,173,309,8,7,23.0,228.2286478696356,koto
226762,2026-05-04T17:22:06.432529,1777929726.4325287,15475.310502052307,84624,5266,121,336,117,334,8,5,11.0,233.88701475554274,koto
226950,2026-05-04T17:22:19.249402,1777929739.249402,15488.127375364304,84627,5267,340,155,338,152,4,6,9.0,42.70938995736145,biwa
226952,2026-05-04T17:22:19.377701,1777929739.3777013,15488.255674600601,84628,5268,341,155,339,152,5,6,13.5,43.181697035548154,biwa
226954,2026-05-04T17:22:19.520476,1777929739.5204759,15488.39844918251,84629,5269,341,155,339,153,5,5,8.5,43.181697035548154,biwa
226955,2026-05-04T17:22:19.585643,1777929739.5856428,15488.463616132736,84630,5270,341,155,339,153,5,5,10.0,43.181697035548154,biwa
226956,2026-05-04T17:22:19.648563,1777929739.6485631,15488.526536464691,84631,5271,341,155,339,153,5,5,8.5,43.181697035548154,biwa
226957,2026-05-04T17:22:19.728610,1777929739.7286098,15488.606583118439,84632,5272,341,155,338,153,7,5,13.5,43.181697035548154,biwa
227051,2026-05-04T17:22:26.128486,1777929746.1284862,15495.006459474564,84645,5273,457,331,455,329,5,5,8.0,122.09259132873416,biwa
227275,2026-05-04T17:22:41.392675,1777929761.3926752,15510.270648479462,84646,5274,368,39,366,37,5,5,9.5,25.928457601114474,biwa
227277,2026-05-04T17:22:41.536999,1777929761.5369987,15510.41497206688,84647,5275,325,15,320,13,10,5,13.0,12.380756928807159,biwa
227335,2026-05-04T17:22:45.489451,1777929765.489451,15514.367424249649,86168,5276,213,23,210,22,6,3,8.0,341.21675285641925,koto
227338,2026-05-04T17:22:45.680387,1777929765.680387,15514.558360338211,86169,5277,126,164,124,162,5,5,8.5,289.98310652189997,koto
227622,2026-05-04T17:23:05.041680,1777929785.0416799,15533.919653177261,86170,5278,290,354,287,352,6,4,9.0,175.73210669970922,taiko
227625,2026-05-04T17:23:05.249354,1777929785.2493536,15534.127326965332,86171,5279,289,354,286,353,7,3,10.0,176.15754687208516,taiko
227626,2026-05-04T17:23:05.312939,1777929785.312939,15534.190912246704,86172,5280,290,355,287,353,6,4,9.0,175.76360520094113,taiko
227630,2026-05-04T17:23:05.585237,1777929785.5852365,15534.463209867477,86173,5281,289,354,286,352,7,4,9.0,176.15754687208516,taiko
227632,2026-05-04T17:23:05.729419,1777929785.7294188,15534.607392072678,86174,5282,290,354,287,353,6,3,8.0,175.73210669970922,taiko
227634,2026-05-04T17:23:05.857215,1777929785.857215,15534.735188245773,86175,5283,288,354,284,352,9,5,11.0,176.58341180822867,taiko
227886,2026-05-04T17:23:23.025485,1777929803.0254846,15551.90345788002,86183,5284,328,23,322,20,13,7,29.0,13.693569446648496,biwa
227887,2026-05-04T17:23:23.105308,1777929803.1053076,15551.98328089714,86189,5285,329,23,323,19,13,8,32.5,13.967789761532742,biwa
227888,2026-05-04T17:23:23.168927,1777929803.1689267,15552.04690003395,86196,5286,328,23,322,19,13,8,25.0,13.693569446648496,biwa
227890,2026-05-04T17:23:23.296687,1777929803.2966866,15552.174659967422,86210,5287,329,23,322,19,14,8,30.5,13.967789761532742,biwa
227927,2026-05-04T17:23:25.824988,1777929805.824988,15554.702961206436,86357,5288,329,23,322,19,15,8,29.5,13.967789761532742,biwa
227929,2026-05-04T17:23:25.952853,1777929805.952853,15554.830826282501,86373,5289,329,23,322,19,14,8,30.0,13.967789761532742,biwa
227932,2026-05-04T17:23:26.161243,1777929806.1612432,15555.039216518402,86395,5290,331,21,326,19,10,5,22.5,14.374467281305328,biwa
227935,2026-05-04T17:23:26.369138,1777929806.3691385,15555.247111797333,86413,5291,330,21,326,19,9,5,17.0,14.103968944083135,biwa
227936,2026-05-04T17:23:26.433150,1777929806.4331503,15555.311123609543,86418,5292,331,21,326,19,10,5,21.5,14.374467281305328,biwa
227937,2026-05-04T17:23:26.513642,1777929806.5136418,15555.391615152359,86425,5293,331,21,326,19,11,5,22.0,14.374467281305328,biwa
228173,2026-05-04T17:23:42.592742,1777929822.592742,15571.470715284348,86455,5294,177,185,174,183,6,4,9.5,288.76806006684336,koto
228175,2026-05-04T17:23:42.720416,1777929822.720416,15571.59838938713,86456,5295,175,185,173,183,5,4,8.5,288.434948822922,koto
228176,2026-05-04T17:23:42.785359,1777929822.7853594,15571.66333270073,86457,5296,177,185,174,183,6,4,8.5,288.76806006684336,koto
228181,2026-05-04T17:23:43.136767,1777929823.136767,15572.014740228653,86458,5297,177,185,174,183,6,4,8.5,288.76806006684336,koto
228188,2026-05-04T17:23:43.617180,1777929823.6171803,15572.495153665543,86459,5298,177,185,174,183,6,4,8.5,288.76806006684336,koto
228386,2026-05-04T17:23:57.104857,1777929837.1048574,15585.982830762863,86475,5299,206,103,204,101,5,5,8.5,327.68752137386997,koto
228391,2026-05-04T17:23:57.440272,1777929837.4402719,15586.3182451725,86476,5300,206,102,204,100,5,5,8.5,327.90740867126584,koto
228393,2026-05-04T17:23:57.584383,1777929837.584383,15586.462356328964,86477,5301,206,103,203,100,6,6,10.0,327.68752137386997,koto
228394,2026-05-04T17:23:57.648641,1777929837.6486413,15586.526614665985,86478,5302,206,102,204,100,5,5,10.0,327.90740867126584,koto
228395,2026-05-04T17:23:57.713013,1777929837.7130134,15586.590986728668,86479,5303,206,103,204,101,5,4,8.5,327.68752137386997,koto
228397,2026-05-04T17:23:57.857465,1777929837.8574648,15586.735438108444,86480,5304,206,103,204,100,5,6,11.5,327.68752137386997,koto
228434,2026-05-04T17:24:00.369732,1777929840.3697321,15589.247705459595,86510,5305,206,102,204,100,5,5,8.5,327.90740867126584,koto
228435,2026-05-04T17:24:00.448784,1777929840.4487844,15589.326757669449,86511,5306,206,103,204,101,5,4,10.0,327.68752137386997,koto
228436,2026-05-04T17:24:00.512802,1777929840.5128024,15589.390775680542,86512,5307,206,102,204,100,5,5,11.5,327.90740867126584,koto
228437,2026-05-04T17:24:00.577632,1777929840.577632,15589.455605268478,86513,5308,206,102,204,100,5,5,10.0,327.90740867126584,koto
228438,2026-05-04T17:24:00.640776,1777929840.6407757,15589.518748998642,86514,5309,206,103,204,101,5,4,10.0,327.68752137386997,koto
228439,2026-05-04T17:24:00.720613,1777929840.7206128,15589.598586082458,86515,5310,206,103,204,101,5,4,10.0,327.68752137386997,koto
228777,2026-05-04T17:24:23.745072,1777929863.7450716,15612.623044967651,86522,5311,181,160,178,158,6,4,9.0,301.21840276434637,koto
228779,2026-05-04T17:24:23.889224,1777929863.8892236,15612.767196893692,86523,5312,180,160,178,158,5,4,8.5,300.9637565320735,koto
229437,2026-05-04T17:25:08.720265,1777929908.7202652,15657.59823846817,86524,5313,342,407,339,405,6,4,8.5,161.65701864145421,kakko
229477,2026-05-04T17:25:11.456992,1777929911.456992,15660.334965229034,86525,5314,341,407,338,405,6,4,8.5,161.93350770241568,kakko
229526,2026-05-04T17:25:14.784694,1777929914.7846942,15663.662667512894,86526,5315,289,219,286,217,6,4,8.0,83.65980825409008,biwa
229527,2026-05-04T17:25:14.865143,1777929914.8651433,15663.743116617203,86527,5316,287,218,284,216,7,5,8.0,74.05460409907715,biwa
229529,2026-05-04T17:25:14.993765,1777929914.993765,15663.871738433838,86528,5317,288,220,284,217,9,7,16.0,90.0,biwa
229531,2026-05-04T17:25:15.136779,1777929915.1367788,15664.014752149582,86529,5318,288,218,284,216,8,5,15.0,75.96375653207355,biwa
229532,2026-05-04T17:25:15.200448,1777929915.200448,15664.078421354294,86530,5319,287,219,283,217,8,4,12.0,81.86989764584405,biwa
229533,2026-05-04T17:25:15.264875,1777929915.2648747,15664.142848014832,86531,5320,289,220,284,217,10,7,20.0,90.0,biwa
229570,2026-05-04T17:25:17.793015,1777929917.7930152,15666.670988559723,86557,5321,289,220,286,217,6,6,9.5,90.0,biwa
229572,2026-05-04T17:25:17.922788,1777929917.922788,15666.80076122284,86558,5322,288,219,285,217,6,5,10.5,82.8749836510982,biwa
229573,2026-05-04T17:25:18.001282,1777929918.0012817,15666.879255056381,86559,5323,288,220,286,217,5,6,10.5,90.0,biwa
229575,2026-05-04T17:25:18.128321,1777929918.1283212,15667.006294488907,86560,5324,287,218,285,216,5,5,10.0,74.05460409907715,biwa
229578,2026-05-04T17:25:18.337793,1777929918.3377929,15667.215766191483,86561,5325,287,220,283,217,8,6,15.0,90.0,biwa
229579,2026-05-04T17:25:18.400913,1777929918.4009135,15667.278886795044,86562,5326,288,220,286,217,5,6,9.5,90.0,biwa
229634,2026-05-04T17:25:22.144611,1777929922.1446114,15671.022584676743,86566,5327,389,232,385,229,9,6,15.0,96.2824920881614,biwa
229653,2026-05-04T17:25:23.440231,1777929923.4402313,15672.318204641342,86567,5328,390,240,388,238,4,5,8.5,100.30484646876602,biwa
229654,2026-05-04T17:25:23.521234,1777929923.521234,15672.399207353592,86569,5329,390,240,388,238,4,5,8.5,100.30484646876602,biwa
229673,2026-05-04T17:25:24.801284,1777929924.8012836,15673.679256916046,86577,5330,390,241,388,239,4,5,8.5,100.80823094031979,biwa
229726,2026-05-04T17:25:28.416679,1777929928.4166787,15677.294651985168,86579,5331,396,404,392,400,8,8,18.5,147.7712425649014,biwa
229956,2026-05-04T17:25:44.097344,1777929944.0973444,15692.975317716599,86580,5332,326,279,323,277,7,5,11.0,142.05784664988107,biwa
229958,2026-05-04T17:25:44.225092,1777929944.225092,15693.103065252304,86581,5333,325,280,322,278,7,5,12.0,143.13010235415595,biwa
229959,2026-05-04T17:25:44.304846,1777929944.3048463,15693.182819604874,86582,5334,324,280,321,278,7,4,10.0,143.74616226255523,biwa
229960,2026-05-04T17:25:44.368394,1777929944.368394,15693.24636721611,86583,5335,325,280,321,278,9,5,16.0,143.13010235415595,biwa
229961,2026-05-04T17:25:44.433638,1777929944.4336379,15693.311611175537,86584,5336,325,280,320,277,10,6,18.0,143.13010235415595,biwa
229962,2026-05-04T17:25:44.496670,1777929944.4966702,15693.374643564224,86585,5337,324,280,320,277,9,6,17.5,143.74616226255523,biwa
230008,2026-05-04T17:25:47.632054,1777929947.632054,15696.5100274086,86602,5338,321,279,319,277,5,5,8.0,145.2039737217317,biwa
230332,2026-05-04T17:26:09.712513,1777929969.7125134,15718.590486764908,86603,5339,315,365,312,361,7,9,16.5,166.42956561483857,kakko
230334,2026-05-04T17:26:09.856794,1777929969.856794,15718.734767436981,86604,5340,313,367,310,364,6,6,9.5,167.34744349944208,kakko
230335,2026-05-04T17:26:09.920539,1777929969.9205387,15718.798511981964,86605,5341,313,366,310,362,6,8,15.0,167.26359979520214,kakko
230336,2026-05-04T17:26:09.985194,1777929969.9851944,15718.863167762756,86606,5342,312,365,309,362,7,7,13.0,167.5548968032681,kakko
230337,2026-05-04T17:26:10.065665,1777929970.0656655,15718.943638801575,86607,5343,313,364,311,361,5,7,15.5,167.09259132873422,kakko
230338,2026-05-04T17:26:10.129380,1777929970.1293797,15719.007353067398,86608,5344,313,364,311,361,5,7,15.0,167.09259132873422,kakko
230409,2026-05-04T17:26:14.960477,1777929974.960477,15723.838450431824,86613,5345,148,272,146,270,4,5,8.5,248.49856567595208,koto
230410,2026-05-04T17:26:15.024920,1777929975.0249205,15723.902893781662,86614,5346,148,272,146,270,5,5,9.5,248.49856567595208,koto
230411,2026-05-04T17:26:15.105101,1777929975.1051006,15723.983073949814,86615,5347,148,272,146,270,4,5,8.5,248.49856567595208,koto
230425,2026-05-04T17:26:16.049336,1777929976.0493357,15724.927309036255,86616,5348,135,221,133,218,5,6,9.0,269.6048629574925,koto
230767,2026-05-04T17:26:39.361285,1777929999.3612852,15748.239258527756,86618,5349,265,151,263,149,4,5,8.5,347.7352262721076,koto
230775,2026-05-04T17:26:39.905957,1777929999.9059567,15748.783930063248,86619,5350,264,151,262,149,5,5,8.5,346.9447527762034,koto
230783,2026-05-04T17:26:40.448710,1777930000.4487104,15749.32668375969,86620,5351,264,152,262,150,5,4,8.5,346.7594800848128,koto
230875,2026-05-04T17:26:46.720550,1777930006.7205498,15755.598523139954,86621,5352,389,242,386,239,6,6,10.5,101.41098312676536,biwa
231010,2026-05-04T17:26:55.921468,1777930015.9214685,15764.799441814423,86622,5353,182,197,179,194,7,6,12.0,283.20792846277914,koto
231011,2026-05-04T17:26:55.985368,1777930015.985368,15764.863341331482,86623,5354,182,197,179,194,7,6,12.0,283.20792846277914,koto
231012,2026-05-04T17:26:56.048514,1777930016.048514,15764.926487207413,86624,5355,183,197,180,194,6,6,11.5,283.3392489033634,koto
231013,2026-05-04T17:26:56.128666,1777930016.1286657,15765.006639003754,86625,5356,184,197,182,194,4,6,8.0,283.47315811273114,koto
231014,2026-05-04T17:26:56.192389,1777930016.192389,15765.070362329483,86626,5357,183,197,180,194,6,6,10.0,283.3392489033634,koto
231015,2026-05-04T17:26:56.257360,1777930016.2573602,15765.135333538055,86627,5358,184,197,182,194,4,6,8.0,283.47315811273114,koto
231052,2026-05-04T17:26:58.785022,1777930018.7850225,15767.662995815277,86651,5359,183,198,180,195,6,6,9.5,282.778733188406,koto
231058,2026-05-04T17:26:59.185484,1777930019.1854837,15768.063457012177,86652,5360,182,197,179,194,7,6,11.0,283.20792846277914,koto
231060,2026-05-04T17:26:59.329021,1777930019.3290205,15768.206993818283,86653,5361,182,197,179,195,7,5,11.5,283.20792846277914,koto
231288,2026-05-04T17:27:14.865826,1777930034.8658264,15783.743799686432,86654,5362,199,244,196,242,6,4,9.0,253.49563861824498,koto
231912,2026-05-04T17:27:57.392321,1777930077.392321,15826.270294427872,86655,5363,307,92,305,90,4,5,8.0,11.911215431971584,biwa
232009,2026-05-04T17:28:04.000822,1777930084.0008218,15832.878795146942,86656,5364,153,243,149,241,9,4,10.0,259.73485953978627,koto
232012,2026-05-04T17:28:04.209722,1777930084.209722,15833.087695360184,86657,5365,153,243,149,241,8,5,11.0,259.73485953978627,koto
232013,2026-05-04T17:28:04.273503,1777930084.273503,15833.15147638321,86658,5366,153,242,149,239,8,6,16.0,260.1722759888369,koto
232014,2026-05-04T17:28:04.337311,1777930084.337311,15833.215284347534,86659,5367,154,242,149,240,11,5,23.0,260.09581678702614,koto
232017,2026-05-04T17:28:04.544890,1777930084.5448897,15833.422863006592,86660,5368,153,243,150,240,7,6,17.0,259.73485953978627,koto
232018,2026-05-04T17:28:04.608548,1777930084.6085484,15833.486521720886,86661,5369,154,243,150,241,8,5,15.0,259.6551425185248,koto
232128,2026-05-04T17:28:12.113091,1777930092.113091,15840.991064310074,86673,5370,267,445,265,443,5,4,8.5,183.3067464802425,taiko
232319,2026-05-04T17:28:25.120369,1777930105.1203692,15853.998342514038,86674,5371,206,103,204,101,5,5,10.0,327.68752137386997,koto
232321,2026-05-04T17:28:25.264664,1777930105.2646642,15854.142637491226,86675,5372,206,103,204,101,5,4,8.5,327.68752137386997,koto
232322,2026-05-04T17:28:25.328981,1777930105.3289807,15854.20695400238,86676,5373,206,103,203,101,6,4,11.5,327.68752137386997,koto
232323,2026-05-04T17:28:25.393120,1777930105.3931198,15854.271093130112,86677,5374,206,103,204,101,5,4,8.5,327.68752137386997,koto
232324,2026-05-04T17:28:25.456290,1777930105.4562898,15854.334263086319,86678,5375,206,103,204,100,5,6,12.0,327.68752137386997,koto
232325,2026-05-04T17:28:25.536664,1777930105.5366642,15854.414637565613,86679,5376,206,103,204,101,5,4,10.0,327.68752137386997,koto
232362,2026-05-04T17:28:28.048793,1777930108.0487926,15856.926765918732,86713,5377,206,103,204,101,5,4,10.0,327.68752137386997,koto
232365,2026-05-04T17:28:28.256163,1777930108.2561631,15857.13413643837,86714,5378,206,103,204,101,5,4,8.5,327.68752137386997,koto
232366,2026-05-04T17:28:28.321012,1777930108.321012,15857.198985338211,86715,5379,206,102,203,100,6,5,11.5,327.90740867126584,koto
232367,2026-05-04T17:28:28.401046,1777930108.401046,15857.279019355774,86716,5380,206,103,204,101,5,4,8.5,327.68752137386997,koto
232369,2026-05-04T17:28:28.528409,1777930108.5284088,15857.406382083893,86717,5381,206,103,204,101,5,4,8.5,327.68752137386997,koto
232372,2026-05-04T17:28:28.737121,1777930108.737121,15857.615094423294,86718,5382,206,103,204,101,5,4,8.5,327.68752137386997,koto
232439,2026-05-04T17:28:33.296790,1777930113.2967901,15862.174763441086,86720,5383,364,219,362,217,5,4,8.5,89.31793960682734,biwa
232444,2026-05-04T17:28:33.649106,1777930113.6491063,15862.527079582214,86721,5384,427,236,425,234,5,4,8.5,96.21182202900917,biwa
232518,2026-05-04T17:28:38.689364,1777930118.6893642,15867.56733751297,86722,5385,415,331,412,328,7,6,8.0,129.42780219603623,biwa
232539,2026-05-04T17:28:40.112794,1777930120.1127944,15868.990767717361,86723,5386,284,181,282,178,5,6,10.0,5.856013585428968,biwa
232577,2026-05-04T17:28:42.705761,1777930122.7057607,15871.583734035492,86727,5387,283,181,280,178,7,6,10.0,4.3987053549955135,biwa
232588,2026-05-04T17:28:43.457852,1777930123.4578524,15872.335825681686,86728,5388,282,180,280,178,5,5,8.0,2.8624052261117754,biwa
232671,2026-05-04T17:28:49.104071,1777930129.1040714,15877.982044696808,86729,5389,233,195,228,191,11,8,27.0,298.00917670801385,koto
232673,2026-05-04T17:28:49.249249,1777930129.249249,15878.127222299576,86730,5390,238,194,237,191,3,6,8.0,301.75948008481276,koto
232674,2026-05-04T17:28:49.313945,1777930129.3139446,15878.19191789627,86731,5391,230,196,227,193,7,6,14.5,295.6410058243053,koto
232675,2026-05-04T17:28:49.377499,1777930129.3774993,15878.255472660065,86733,5392,230,196,227,193,7,6,16.5,295.6410058243053,koto
232676,2026-05-04T17:28:49.456573,1777930129.4565732,15878.33454656601,86734,5393,230,196,227,193,6,7,13.0,295.6410058243053,koto
232677,2026-05-04T17:28:49.521906,1777930129.5219064,15878.399879693985,86735,5394,230,196,228,193,5,7,11.0,295.6410058243053,koto
232715,2026-05-04T17:28:52.113110,1777930132.11311,15880.99108338356,86770,5395,231,197,229,194,5,6,9.5,295.14478563067894,koto
232716,2026-05-04T17:28:52.177808,1777930132.1778078,15881.055781126022,86771,5396,230,196,227,193,7,7,22.5,295.6410058243053,koto
233113,2026-05-04T17:29:19.233242,1777930159.2332423,15908.11121559143,86772,5397,243,318,240,316,6,5,8.0,200.6840802679468,shoko
233905,2026-05-04T17:30:13.200194,1777930213.2001944,15962.078167676926,86773,5398,320,280,317,277,7,7,8.0,146.30993247402023,biwa
233910,2026-05-04T17:30:13.536160,1777930213.53616,15962.414133310318,86774,5399,320,280,317,277,7,7,9.5,146.30993247402023,biwa
234319,2026-05-04T17:30:41.409263,1777930241.409263,15990.287236213684,86775,5400,156,64,154,61,4,7,9.0,321.519801751657,koto
234396,2026-05-04T17:30:46.656126,1777930246.6561258,15995.53409910202,86776,5401,138,218,135,216,6,4,9.0,270.80692945510236,koto
